{

  "AU": {
    "NSW": {
      "Sydney": [-33.865, 151.209444]
    },
    "VIC": {
      "Melbourne": [-37.813611, 144.963056]      
    },
    "WA": {
      "Perth": [-31.952222, 115.858889]
    }
  },
  
  "CA": {
    "BC": {
      "Richmond": [49.166667, -123.133333]
    }
  },
  
  "DE": {
    "Frankfurt": [50.116667, 8.683333],
    "Gondorf": [49.969444, 6.618056],
    "Munich": [48.133333, 11.566667],
    "Nuremberg": [49.45, 11.083333]
  },
  
  "FR": {
    "Paris": [48.8567, 2.3508],
    "Versailles": [48.8053, 2.135]
  },
  
  "GB": {
    "London": [51.507222, -0.1275]
  },
  
  "IS": {
    "Reykjavík": [64.133333, -21.933333]
  },
  
  "JP": {
    "Tokyo": [35.689722, 139.692222]
  },
  
  "NZ": {
    "Auckland": [-36.840556, 174.74],
    "Dunedin": [-45.866667, 170.5],
    "Herbert": [-45.233333, 170.783333],
    "Palmerston": [-45.484026, 170.715265]
  },
  
  "SE": {
    "Stockholm": [59.329444, 18.068611]
  },
  
  "US": {
    "AL": {
      "Birmingham": [33.653333, -86.808889]
    },
    "AR": {      
      "Little Rock": [34.736111, -92.331111],
      "North Little Rock": [34.780833, -92.256944]
    },
    "AZ": {
      "Flagstaff": [35.199167, -111.631111],
      "Phoenix": [33.45, -112.066667],
      "Scottsdale": [33.5, -111.933333],
      "Tucson": [32.221667, -110.926389]
    },
    "CA": {
      "Bakersfield": [35.366667, -119.016667],
      "Beverly Hills": [34.073056, -118.399444],
      "Burbank": [34.180278, -118.328333],
      "Cupertino": [37.323056, -122.031944],
      "El Segundo": [33.921389, -118.406111],
      "Fontana": [34.1, -117.466667],
      "Los Angeles": [34.05, -118.25],
      "Palmdale": [34.581111, -118.100556],
      "San Diego": [32.715, -117.1625],
      "San Jose": [37.333333, -121.9]
    },
    "CO": {
      "Centennial": [39.590568, -104.869118],
      "Colorado Springs": [38.833889, -104.825278],
      "Denver": [39.76185, -104.881105],
      "Englewood": [39.646505, -104.994001]
    },
    "FL": {
      "Destin": [30.393333, -86.475278],
      "Fort Lauderdale": [26.133333, -80.15],
      "Key West": [24.559722, -81.783611],
      "Orlando": [28.54, -81.38],
      "Tampa": [27.968056, -82.476389],
      "Pensacola": [30.433333, -87.2]
    },
    "HI": {
      "Honolulu": [21.3, -157.816667],
      "Mililani": [21.445833, -158.014167],
      "Volcano": [19.449722, -155.235556]
    },
    "IA": {
      "Des Moines": [41.590833, -93.620833]
    },
    "IL": {
      "Chicago": [41.881944, -87.627778],
      "Lombard": [41.876111, -88.015],
      "Rosemont": [41.990833, -87.873889],
      "Schaumburg": [42.030278, -88.083889],
      "Scott AFB": [38.533333, -89.866667],
      "Tinley Park": [41.573889, -87.803889],
      "Urbana": [40.109665, -88.204247]
    },
    "IN": {
      "Carmel": [39.966667, -86.1],
      "Elkhart": [41.683056, -85.968889],
      "Fort Wayne": [41.08045, -85.13915],
      "Granger": [41.738333, -86.148889],
      "Indianapolis": [39.768611, -86.158056],
      "Lafayette": [40.417222, -86.878611],
      "Lawrenceburg": [39.096111, -84.857778],
      "Michigan City": [41.709444, -86.886944],
      "Mishawaka": [41.6675, -86.171389],
      "South Bend": [41.676389, -86.250278],
      "Terre Haute": [39.469722, -87.389722]
    },
    "KS": {
      "Derby": [37.5525, -97.261389],
      "Junction City": [39.0275, -96.840278],
      "McConnell AFB": [37.623056, -97.267222],
      "Mulvane": [37.479722, -97.242222],
      "Wichita": [37.688889, -97.336111]
    },
    "KY": {
      "Elizabethtown": [37.7, -85.866667],
      "Florence": [38.993333, -84.6425],
      "Louisville": [38.225333, -85.741667]
    },
    "MA": {
      "Boston": [42.358056, -71.063611]
    },
    "ME": {
      "Portland": [43.666667, -70.266667]
    },
    "MI": {
      "Port Huron": [42.980278, -82.4375],
      "Southfield": [42.473333, -83.221944]
    },
    "MO": {
      "Bridgeton": [38.757222, -90.417778],
      "Maryland Heights": [38.719444, -90.4475],
      "Richmond Heights": [38.628333, -90.328611],
      "St. Louis": [38.627222, -90.197778]
    },
    "NC": {
      "Cary": [35.791667, -78.781111],
      "Charlotte": [35.227222, -80.843056],
      "Jacksonville": [34.759722, -77.409722],
      "Seymour-Johnson AFB": [35.341111, -77.966667]
    },
    "NH": {
      "Portsmouth": [43.075556, -70.760556]
    },
    "NJ": {
      "Elizabeth": [40.666261, -74.19353]
    },
    "NV": {
      "Las Vegas": [36.175, -115.136389]
    },
    "NY": {
      "Binghamton": [42.102222, -75.911667],
      "Lake George": [43.424444, -73.715278],
      "New York": [40.661, -73.944],
      "Vestal": [42.084444, -76.053333]
    },
    "OH": {
      "Akron": [41.073056, -81.517778],
      "Beavercreek": [39.729444, -84.062222],
      "Columbus": [39.983333, -82.983333],
      "Defiance": [41.281944, -84.362778],
      "Lancaster": [39.719297, -82.605293],
      "Marietta": [39.416667, -81.45],
      "North Canton": [40.875, -81.401111]
    },
    "OK": {
      "Altus": [34.643889, -99.326667],
      "Altus AFB": [34.666389, -99.268056],
      "Broken Arrow": [36.036389, -95.783611],
      "Lawton": [34.604167, -98.395556],
      "Oklahoma City": [35.482222, -97.535],
      "Tulsa": [36.131389, -95.937222]
    },
    "OR": {
      "Portland": [45.52, -122.681944]
    },
    "PA": {
      "Philadelphia": [39.952778, -75.163611],
      "Pittsburgh": [40.439722, -79.976389]
    },
    "PR": {
      "Carolina": [18.406111, -65.967222],
      "Fajardo": [18.325833, -65.6525]
    },
    "RI": {
      "Warwick": [41.716667, -71.416667]
    },
    "SC": {
      "Charleston": [32.783333, -79.933333],
      "Goose Creek": [33.0, -80.033333],
      "Little River": [33.871667, -78.627778],
      "Longs": [33.938611, -78.733056],
      "Mount Pleasant": [32.786944, -79.876389],
      "North Charleston": [32.885278, -80.016944],
      "Sumter": [33.926944, -80.363611]
    },
    "SD": {
      "Rapid City": [44.076, -103.228]
    },
    "TN": {
      "Gatlinburg": [35.714167, -83.510278],
      "Knoxville": [35.9617, -83.9232],
      "Nashville": [36.166667, -86.783333],
      "Pigeon Forge": [35.793889, -83.564167]
    },
    "TX": {
      "Abilene": [32.45, -99.75],
      "Amarillo": [35.199167, -101.845278],
      "Arlington": [32.705, -97.122778],
      "Austin": [30.266667, -97.733333],
      "Bedford": [32.846667, -97.139722],
      "Dallas": [32.779167, -96.808889],
      "Fort Worth": [32.75, -97.333333],
      "Irving": [32.816667, -96.95],
      "Hurst": [32.835556, -97.180278],
      "Lubbock": [33.577778, -101.89],
      "San Antonio": [29.416667, -98.5],
      "Selma": [29.587222, -98.315833],
      "Temple": [31.166667, -97.566667]
    },
    "UT": {
      "Herriman": [40.506667, -112.030833],
      "Layton": [41.078056, -111.955278],
      "Ogden": [41.227778, -111.961111]
    },
    "VA": {
      "Ashburn": [39.043611, -77.4875],
      "Hampton": [37.034946, -76.360126],
      "Sterling": [39.006111, -77.428611]      
    },
    "WA": {
      "Bellevue": [47.614444, -122.1925],
      "Bellingham": [48.750278, -122.475],
      "Marysville": [48.062778, -122.163333],
      "Mukilteo": [47.916111, -122.303056],
      "Renton": [47.486667, -122.195278],
      "SeaTac": [47.441389, -122.293056],
      "Seattle": [47.609722, -122.333056],
      "Tukwila": [47.478333, -122.275556]
    },
    "WV": {
      "Morgantown": [39.633611, -79.950556]
    }
  },

  "Overnight Flight": {
    "DFW-NRT": [54.941111, -156.543889],
    "DFW-SYD": [-0.941944, -152.419722],
    "FRA": [50.033306, 8.570456],
    "HEL": [60.317222, 24.963333],
    "LAX": [33.942496, -118.408048],
    "MUC": [48.353783, 11.786086],
    "ORD": [41.974522, -87.906596],
    "SYD": [-33.946110, 151.177222],
    "YYZ": [43.676667, -79.630555]
  }
  
}